offset,mean,median,hit_rate,n
4121,265.7113113113113,238.0,0.0,9990
4122,264.61099959855477,236.0,0.0,9964
4123,256.86753507014026,242.0,0.0,9980
4124,256.9586627965169,236,0.0,9991
4125,260.1134794356049,244,0.0,9993
4126,249.9225070084101,232.0,0.0,9988
4127,261.3353395526131,240,0.0,9969
4128,265.4848788303625,246.0,0.0,9986
4129,259.3365403888555,236.0,0.0,9978
4130,260.657812657209,232,0.0,9939
4131,254.43567339560107,230,0.0,9957
4132,254.32152152152153,236.0,0.0,9990
4133,254.59895833333334,230.0,0.0,9984
4134,277.58281594231926,254.0,0.0,9986
4135,262.3047485473853,240.0,0.0,9982
4136,274.8486914669608,248,0.0,9973
4137,257.9827741612419,236,0.0,9985
4138,259.940074155727,240,0.0,9979
4139,258.58161425996394,236.0,0.0,9986
4140,265.0767227564103,244.0,0.0,9984
4141,274.9988985681386,254,0.0,9987
4142,251.18722466960352,230.0,0.0,9988
4143,257.6217460953144,240.0,0.0,9988
4144,255.53846153846155,236.0,0.0,9984
4145,257.8220569015784,230,0.0,9947
4146,264.9951884522855,244.0,0.0,9976
4147,269.4293745607871,244,0.0,9961
4148,276.8727819548872,254,0.0,9975
4149,276.868056948065,254.0,0.0,9974
4150,263.3331996792302,236.0,0.0,9976
4151,252.64882742032472,230.0,0.0,9978
4152,277.74511180186505,254,0.0,9973
4153,252.01904761904763,230,0.0,9975
4154,252.52941176470588,230.0,0.0,9962
4155,258.0912006414111,238.0,0.0,9978
4156,249.39437042973054,230,0.0,9983
4157,266.82556858030256,244,0.0,9981
4158,259.713484271689,248.0,0.0,9982
4159,244.13504307753956,230.0,0.0,9982
4160,249.97775551102205,234.0,0.0,9980
4161,240.52437681449595,230,0.0,9989
4162,254.5875626880642,238.0,0.0,9970
4163,260.3628167885405,246,0.0,9983
4164,251.46742834235317,236.0,0.0,9978
4165,262.7302987768197,240.0,0.0,9974
4166,248.6003207055522,234.0,0.0,9978
4167,261.6586196534108,248,0.0,9983
4168,239.5338406087305,226.0,0.0,9988
4169,256.04168754384204,240,0.0,9979
4170,253.7125952667469,236.0,0.0,9972
4171,253.35906948761655,240,0.0,9973
4172,247.00110275689224,228,0.0,9975
4173,262.18616755079574,248,0.0,9991
4174,255.26063883047962,242,0.0,9987
4175,252.453789926905,240,0.0,9987
4176,261.40831246870306,246,0.0,9985
4177,253.92451696866553,236,0.0,9989
4178,259.5801801801802,246.0,0.0,9990
4179,258.7089140679835,246,0.0,9973
4180,259.76576576576576,244.0,0.0,9990
4181,250.20086111945528,230,0.00010013016921998598,9987
4182,258.1785750075158,246,0.0,9979
4183,254.67221331194867,236.0,0.0,9976
4184,245.8420208500401,230.0,0.0,9976
4185,254.20751126690035,236,0.0,9985
4186,251.25801924619086,240.0,0.0,9976
4187,258.8663927032174,246,0.0,9977
4188,262.33053053053055,252.0,0.0,9990
4189,248.10654916883638,238.0,0.0,9986
4190,250.96582823930254,238,0.0,9979
4191,254.03267187813188,236.0,0.0,9978
4192,247.1127578610054,236.0,0.0,9986
4193,241.87979129038732,228.0,0.0,9966
4194,259.65722861430714,246,0.0,9995
4195,255.6073681049154,242,0.0,9989
4196,246.82334068578302,230.0,0.0,9974
4197,246.4664197778,236,0.0,9991
4198,254.32895923069216,240,0.0,9983
4199,244.2965855612296,230,0.0,9987
4200,252.48103552077063,230.0,0.0,9966
4201,261.64683493589746,246.0,0.0,9984
4202,265.6694032839407,254.0,0.0,9988
4203,241.13284613074381,230,0.0,9989
4204,241.7883343355382,228.0,0.0,9978
4205,254.1050945851266,242,0.0,9991
4206,249.78358358358358,240.0,0.0,9990
4207,250.5311685708559,240.0,0.0,9978
4208,250.25010012014417,236.0,0.0,9988
4209,240.50085110643838,230,0.0,9987
4210,249.3375413285242,236,0.00010019036168720569,9981
4211,247.58150265824054,236,0.0,9969
4212,258.0186279419129,246,0.0,9985
4213,246.05978533453705,228,0.0,9969
4214,251.74134134134135,236.0,0.0,9990
4215,264.3863863863864,252.0,0.0,9990
4216,245.67827395885598,230,0.0,9965
4217,240.27693231878254,228.0,0.0,9988
4218,257.3063352044908,236.0,0.0,9976
4219,242.10538970146263,230.0,0.0,9982
4220,251.6652979469204,240,0.0,9985
4221,251.7045045045045,240.0,0.0,9990
4222,253.60136217948718,240.0,0.0,9984
4223,262.7274729675611,252.0,0.0,9988
4224,249.76218596737064,236,0.0,9991
4225,251.93713084392832,240,0.0,9989
4226,240.97733199598795,228.0,0.0,9970
4227,249.07289682141783,236,0.0,9973
4228,249.217138852738,240,0.0,9989
4229,241.67334267975164,228.0,0.0,9986
4230,254.32101732251928,244,0.0,9987
4231,246.94154154154154,236.0,0.0,9990
4232,253.0909637950055,242,0.0,9971
4233,248.60983672242813,236,0.0,9983
4234,254.5068671679198,238,0.0,9975
4235,248.15839598997493,230,0.0,9975
4236,248.56790865384616,236.0,0.0,9984
4237,249.30862466192528,238,0.0,9983
4238,247.78850390546765,236.0,0.0,9986
4239,252.80829326923077,242.0,0.0,9984
4240,243.31838205847018,234.0,0.0,9988
4241,257.25097763962697,248,0.0,9973
4242,237.01903044871796,226.0,0.0,9984
4243,241.06708111902137,228,0.0,9973
4244,255.81832765189492,242.0,0.0,9974
4245,248.68576580186317,236,0.0,9983
4246,248.22382671480145,230.0,0.0,9972
4247,240.74959935897436,230.0,0.0,9984
4248,253.31429716461275,240,0.0,9981
4249,248.85039686526676,232,0.0,9953
4250,258.17799158147926,246.0,0.0,9978
4251,260.66926926926925,246.0,0.0,9990
4252,267.3665630327951,246,0.0,9971
4253,249.61568548791496,230,0.0,9971
4254,249.3458375125376,230.0,0.0,9970
4255,246.25643594109988,236,0.0,9983
4256,242.32655514374437,228,0.0,9983
4257,251.98318149964962,240,0.0,9989
4258,248.02185901935226,228,0.0,9973
4259,251.96594210157267,240,0.0,9983
4260,243.8893011130051,230,0.0,9973
4261,267.9951865222623,254.0,0.0,9972
4262,247.92104999499048,236,0.0,9981
4263,238.38919459729865,230,0.0,9995
4264,251.36010414580412,240.0,0.0,9986
4265,249.43435152729094,230,0.0,9985
4266,255.80224179343475,246.0,0.0,9992
4267,253.41971717982148,240,0.0,9971
4268,269.6716118684844,254.0,0.0,9976
4269,266.94135338345865,246,0.0,9975
4270,253.83157683428686,232,0.0,9963
4271,272.1930827067669,252,0.0,9975
4272,247.29093640460692,236,0.0,9985
4273,244.70284341209452,234.0,0.0,9988
4274,243.92591851036138,236,0.0,9989
4275,253.21452939995987,238.0,0.0,9966
4276,250.68756258762266,240.0,0.0,9986
4277,247.98758882994696,236,0.0,9991
4278,253.58147925435958,238.0,0.0,9978
4279,258.47847847847845,248.0,0.0,9990
4280,244.24621857157166,232,0.0,9983
4281,264.1439295365829,252,0.0,9991
4282,248.50611099979963,236.0,0.00010018032458425165,9982
4283,249.28748748748748,240.0,0.0,9990
4284,248.58385964912281,230,0.0,9975
4285,252.10733954140383,240,0.0,9987
4286,253.23615977575332,236,0.0,9989
4287,249.3528999298808,236,0.0,9983
4288,255.5094604064471,246,0.0,9989
4289,245.61118348531917,236,0.0,9979
4290,253.01652478718077,244,0.0,9985
4291,247.68245069576534,230,0.0,9989
4292,261.03393053748374,252,0.0,9991
4293,251.58686292179834,240,0.0,9987
4294,249.88729856871183,240,0.0,9991
4295,246.1779380823565,232,0.0,9981
4296,254.97443096360172,238,0.0,9973
4297,244.2664796633941,230.0,0.0,9982
4298,249.54334334334334,240.0,0.0,9990
4299,261.5128744614768,246,0.0,9981
4300,265.84325893303975,254,0.0,9991
4301,245.94589720468892,228,0.0,9981
4302,258.57268899137756,244.0,0.0,9974
4303,252.4283568639231,240,0.0,9987
4304,242.0138221153846,228.0,0.0,9984
4305,250.34585712854422,230,0.0,9981
4306,276.4620018070475,254,0.0,9961
4307,256.12459935897436,238.0,0.0,9984
4308,257.96753832281337,242,0.0,9981
4309,258.9661884217919,248,0.0,9967
4310,248.4460720377245,228,0.0,9967
4311,243.41932899349024,230,0.0,9985
4312,264.90812543833283,246,0.0,9981
4313,245.58196392785572,232.0,0.0,9980
4314,252.8185096153846,236.0,0.0,9984
4315,240.0900702106319,226.0,0.0,9970
4316,258.40802809834423,240,0.0,9965
4317,245.96513724704468,232.0,0.0,9982
4318,265.16551378446115,244,0.0,9975
4319,252.7223611805903,242,0.0,9995
4320,254.75353029544317,240,0.0,9985
4321,261.94108806732794,246,0.0,9981
4322,246.41318505159805,230,0.0,9981
4323,244.70279475107682,234,0.0,9983
4324,258.67341214185535,246.0,0.0,9982
4325,252.509466092357,240,0.0,9983
4326,245.54014232735292,230,0.0,9977
4327,244.48678414096915,234.0,0.0,9988
4328,251.68953068592057,232.0,0.0,9972
4329,259.52018431333266,248,0.0,9983
4330,256.43493082013237,242.0,0.0,9974
4331,263.1019427198077,246.0,0.0,9986
4332,259.1964697623107,240,0.0,9971
4333,242.03908207235193,230,0.0,9979
4334,248.16949492920975,230,0.0,9959
4335,242.80096211665665,230.0,0.0,9978
4336,242.14607754733996,230,0.0,9981
4337,258.35163070747615,246,0.0,9965
4338,242.0126239855726,230,0.0,9981
4339,247.69616194007415,234,0.0,9979
4340,253.79152440249047,236.0,0.0,9958
4341,251.7045340806726,242,0.0,9991
4342,250.39055149634672,238,0.0,9991
4343,247.19058116232466,236.0,0.0,9980
4344,259.6607178664528,248.0,0.0,9974
4345,259.0777108433735,240.0,0.0,9960
4346,265.265203887386,252,0.0,9981
4347,255.60962406015037,240,0.0,9975
4348,255.0039058587882,240,0.0,9985
4349,253.53410115172758,236,0.0,9985
4350,259.20392824932355,248,0.0,9979
4351,259.8182550876486,240.0,0.0,9926
4352,260.49255233494364,236.0,0.0,9936
4353,252.12318186377772,236,0.0,9969
4354,264.10764132945076,244,0.0,9959
4355,244.12968530767688,230.0,0.00010022048506714773,9978
4356,255.21295367956688,234.0,0.0,9974
4357,243.3421686746988,226.0,0.0,9960
4358,253.3462309542903,236.0,0.0,9976
4359,257.4635808035267,236,0.0,9981
4360,258.31050045130877,236,0.0,9971
4361,264.3624699278268,254.0,0.0,9976
4362,255.76423416198878,240.0,0.0,9976
4363,247.8824236354532,234,0.0,9985
4364,262.3968285828984,240.0,0.0,9964
4365,257.12737832966155,246.0,0.0,9986
4366,254.8510937186434,234.0,0.00010034115994380895,9966
4367,265.0657036814124,246,0.0,9969
4368,265.32230576441106,246,0.0,9975
4369,251.51802162595115,240.0,0.0,9988
4370,240.52649504157068,228,0.0,9983
4371,255.98575870023066,246,0.0,9971
4372,255.2328959230692,240,0.0,9983
4373,259.8172710879583,248.0,0.0,9982
4374,250.19447226116563,240.0,0.0,9986
4375,247.15621870618867,236.0,0.0,9986
4376,257.1756229360552,246,0.0,9993
4377,250.24594432205086,238.0,0.0,9986
4378,250.93699288790944,236,0.0,9983
4379,248.57016840417,232.0,0.0,9976
4380,247.94412736557524,236,0.0,9987
4381,253.2180360721443,240.0,0.0,9980
4382,249.7901271653149,236,0.0,9987
4383,254.33700661190142,240.0,0.0,9982
4384,247.8895680929953,234,0.0,9979
4385,264.29610337573877,248,0.0,9983
4386,268.1032270996192,254.0,0.0,9978
4387,251.18614198457996,240,0.0,9987
4388,263.87602643701183,250.0,0.0,9986
4389,249.72255029526573,240,0.0,9991
4390,260.53340010015023,244,0.0,9985
4391,253.3539725478409,240,0.0,9981
4392,252.73631542079457,244,0.0,9993
4393,256.7351881505204,246.0,0.0,9992
4394,255.80082156096583,246,0.0,9981
4395,253.90058127881338,240.0,0.0,9978
4396,260.5286158163777,246,0.0,9977
4397,258.70208500400963,248.0,0.0,9976
4398,247.25090252707582,230.0,0.0,9972
4399,242.54973454873286,232,0.0,9983
4400,242.53657560292206,232,0.0,9993
4401,259.116050866126,248,0.0,9987
4402,258.7156018425796,248.0,0.0,9986
4403,260.763374073332,246.0,0.0,9982
4404,266.86192049664567,252,0.0,9987
4405,255.08148742106846,236,0.0,9977
4406,264.3840144230769,252.0,0.0,9984
4407,268.92421663830214,254,0.0,9989
4408,249.23207849419302,240.0,0.0,9988
4409,246.28891780959054,230,0.0,9989
4410,249.29706442240257,240,0.0,9981
4411,257.03518091610704,230,0.0,9977
4412,252.28161668839635,236,0.0,9971
4413,260.7118813864957,246.0,0.0,9982
4414,248.98807973555043,242,0.0,9983
4415,246.18833183228259,236,0.0,9993
4416,250.56582633053222,244.0,0.0,9996
4417,262.72341277788905,254.0,0.0,9986
4418,256.3380056067281,248.0,0.0,9988
4419,251.70443843302274,240,0.0,9981
4420,254.12620192307693,242.0,0.0,9984
4421,261.6024060150376,246,0.0,9975
4422,241.12546310203265,228,0.0,9987
4423,258.1323455801382,246,0.0,9989
4424,252.6296370563465,236.0,0.0,9974
4425,260.53392123459264,248,0.0,9979
4426,239.27684294871796,232.0,0.0,9984
4427,246.48888888888888,236.0,0.0,9990
4428,241.82801081189308,230,0.0,9989
4429,263.44404404404406,252.0,0.0,9990
4430,256.385423966363,246,0.0,9989
4431,248.47847847847848,236.0,0.0,9990
4432,249.7693231878254,240.0,0.0,9988
4433,235.71525830997197,230.0,0.0,9988
4434,241.7574302011408,236,0.0,9993
4435,241.34548002803083,228,0.0,9989
4436,234.96536536536536,228.0,0.0,9990
4437,241.74050696323013,230,0.0,9981
4438,242.03346358080353,230,0.00010019036168720569,9981
4439,264.1059708981435,248,0.0,9965
4440,249.68198658255733,236,0.0,9987
4441,254.7639751552795,244.0,0.0,9982
4442,244.83331664831314,236,0.0,9989
4443,258.49554509960956,248,0.0,9989
4444,237.20784941930316,228.0,0.0,9988
4445,245.94254254254255,236.0,0.0,9990
4446,249.4889646869984,236.0,0.0,9968
4447,247.24759615384616,236.0,0.0,9984
4448,247.42839987991593,240,0.0,9993
4449,250.7865865865866,240.0,0.0,9990
4450,247.85888710968774,240.0,0.0,9992
4451,242.97137710168136,234.0,0.0,9992
4452,241.2673545026545,230,0.0,9983
4453,265.245520968872,252,0.0,9991
4454,237.95172759138708,230,0.0,9985
4455,244.69162995594715,232.0,0.0,9988
4456,253.22324649298596,240.0,0.0,9980
4457,247.40648778534242,236.0,0.0,9988
4458,242.56727782787297,234,0.0,9981
4459,249.0484387510008,240.0,0.0,9992
4460,247.87984379693603,240,0.0,9987
4461,254.05102040816325,242.0,0.0,9996
4462,262.9290645322661,252,0.0,9995
4463,249.02692962258484,236,0.0,9989
4464,249.0365022061773,238.0,0.0,9972
4465,248.47919799498746,236,0.0,9975
4466,242.84856999498243,230,0.0,9965
4467,249.98998297105078,236,0.0,9983
4468,242.48326317899378,230.0,0.0,9978
4469,246.03543543543543,236.0,0.0,9990
4470,246.9579663730985,240.0,0.0,9992
4471,236.78186004605067,228,0.0,9989
4472,245.99759639459188,238,0.0,9985
4473,253.6073361395069,244.0,0.0,9978
4474,241.89209787404732,232.0,0.0,9972
4475,245.6129872732739,236,0.0,9979
4476,252.0298417784899,242.0,0.0,9986
4477,246.47893525467828,234,0.0,9993
4478,244.87068015626565,236,0.0,9983
4479,247.22078702313007,234,0.0,9987
4480,247.2709980979077,236,0.0,9989
4481,255.89635124298317,242.0,0.00010024057738572574,9976
4482,255.51197034959432,246,0.0,9983
4483,256.11681025846525,238.0,0.0,9982
4484,245.78253904685621,236.0,0.0,9988
4485,253.90559230306675,244.0,0.0,9978
4486,239.50751051472062,230.0,0.0,9986
4487,245.4576610882854,236,0.0,9979
4488,236.7160172292898,228,0.0,9983
4489,252.35830162227117,240.0,0.0,9986
4490,264.36582189722526,254,0.0,9983
4491,248.3341011517276,238,0.0,9985
4492,242.86400961345885,230.0,0.0,9986
4493,246.44727090635953,234,0.0,9985
4494,241.24251227086046,230,0.0,9983
4495,237.2003601080324,228,0.0,9997
4496,248.02423150095123,236,0.0,9987
4497,245.16244112636537,236,0.0,9979
4498,254.47032923046132,248,0.0,9993
4499,256.9014225606091,246.0,0.0,9982
4500,244.27509517130835,234.0,0.0,9982
4501,240.45023554174603,230,0.0,9977
4502,241.22280104187539,228.0,0.0,9982
4503,258.8800240553272,246,0.0,9977
4504,237.35391400220507,228,0.0,9977
4505,242.03225483321646,230,0.0,9983
4506,260.94997493734337,246,0.0,9975
4507,254.76136021667168,240,0.0,9969
4508,251.28276138872167,238.0,0.0,9966
4509,244.54620246814488,232,0.0,9967
4510,246.64904375688394,232,0.0,9987
4511,259.40284455128204,248.0,0.0,9984
4512,252.8614089588135,230,0.0,9979
4513,262.04507211538464,246.0,0.0,9984
4514,252.26426426426426,242.0,0.0,9990
4515,245.65110220440883,236.0,0.0,9980
4516,247.1277427111512,238,0.0,9981
4517,252.35767959122333,240,0.0,9981
4518,244.26534494843295,234,0.0,9987
4519,255.09933907470457,244.0,0.0,9986
4520,266.07172192727637,252,0.0,9983
4521,235.28035231708537,228,0.0,9991
4522,241.3300611038766,232,0.0,9983
4523,244.90155232849273,236,0.0,9985
4524,244.8613504307754,234.0,0.0,9982
4525,244.0038064710007,236,0.0,9983
4526,255.94613536243492,246.0,0.0,9988
4527,254.44455564451562,242.0,0.0,9992
4528,259.37798275516343,246.0,0.0,9974
4529,239.20008011215702,230.0,0.0,9986
4530,243.6203165698257,234.0,0.0,9982
4531,248.31423993591028,240.0,0.0,9986
4532,249.07354709418837,236.0,0.0,9980
4533,264.6319061465958,254,0.0,9973
4534,252.48741854636592,230,0.0,9975
4535,252.28534162737031,240,0.0,9967
4536,254.93850160256412,236.0,0.0,9984
4537,248.15288924558587,232.0,0.0,9968
4538,249.3314646110722,240,0.0,9989
4539,265.5020514360052,252,0.0,9993
4540,254.81394649834687,246,0.0,9981
4541,258.60765838011224,246.0,0.0,9976
4542,247.70089330522936,232,0.0,9963
4543,246.12363490632202,236,0.0,9981
4544,254.43466907703123,242,0.0,9957
4545,248.22282390693942,236.0,0.0,9972
4546,262.21994987468673,246,0.0,9975
4547,249.6496043273565,240,0.0,9983
4548,250.2913535717864,236,0.0,9981
4549,254.61274804570053,244.0,0.0,9978
4550,238.12386010622308,228,0.0001002104419280489,9979
4551,264.07477197554374,236,0.0,9977
4552,249.012328355217,236,0.0,9977
4553,252.4128128128128,242.0,0.0,9990
4554,269.47845259571056,254.0,0.0,9978
4555,254.91590658514585,242,0.0,9977
4556,259.92746217813846,246,0.0,9981
4557,265.1365047571357,252,0.0,9985
4558,249.8234115053117,234.0,0.0,9978
4559,245.0498245614035,232,0.0,9975
4560,262.8107891306528,248,0.0,9973
4561,252.7280921382073,244,0.0,9985
4562,256.1400622052774,236,0.0,9967
4563,246.45997993981945,230.0,0.0,9970
4564,245.65927560951138,230,0.0,9967
4565,243.96994891315236,230,0.0,9983
4566,256.82381238725196,246.0,0.0,9978
4567,240.9612418627942,230,0.0,9985
4568,250.30919136112507,232,0.0,9955
4569,248.83400080096115,240.0,0.0,9988
4570,269.0445068163593,254.0,0.0,9976
4571,244.42197053222412,232,0.0,9977
4572,249.3490188225871,240.0,0.0,9988
4573,247.53360713212462,236,0.0,9983
4574,245.41208295761948,228,0.0,9981
4575,245.64605671911013,238,0.0,9979
4576,252.35530143444677,236,0.0,9969
4577,242.45003508068558,230,0.0,9977
4578,252.57509267608455,240,0.0,9981
4579,258.65812136991786,242.0,0.0,9986
4580,254.086015037594,236,0.0,9975
4581,261.76550756588836,246,0.0,9979
4582,265.23910648101776,248,0.0,9983
4583,249.34783044393225,240,0.0,9979
4584,253.97494487873323,236.0,0.0,9978
4585,264.5338007010516,254,0.0,9985
4586,245.90053143487415,230,0.0,9973
4587,250.85888833249874,242,0.0,9985
4588,256.6073361395069,244.0,0.0,9978
4589,243.235700691175,234,0.0,9983
4590,264.96020847950285,254,0.0,9977
4591,254.45713714114234,246,0.0,9997
4592,258.5231170394143,242,0.0,9971
4593,243.58020238453062,232,0.0,9981
4594,250.1854596435009,240.0,0.0,9986
4595,246.80993390747045,236.0,0.0,9986
4596,254.58120684479135,246,0.0,9993
4597,259.20080240722166,248.0,0.0,9970
4598,250.26146146146147,240.0,0.0,9990
4599,243.0242242242242,234.0,0.0,9990
4600,263.3718179995991,248.0,0.0,9978
4601,249.45849604485832,238,0.0,9987
4602,246.95560677422588,238,0.0,9979
4603,251.39757830481338,240,0.0,9993
4604,254.39081151569866,242,0.0,9969
4605,258.0240577385726,246.0,0.0,9976
4606,252.1921537229784,242.0,0.0,9992
4607,262.8699569526479,254,0.0,9989
4608,255.43714971977582,244.0,0.0,9992
4609,252.44947421131698,236,0.0,9985
4610,250.7563614506111,240.0,0.0,9982
4611,265.4331797235023,252.0,0.0,9982
4612,250.36471059483276,240.0,0.0,9986
4613,243.2009607686149,236.0,0.0,9992
4614,256.9003904294724,250,0.0,9989
4615,241.99238782051282,230.0,0.0,9984
4616,236.99087902175003,228,0.0,9977
4617,249.22764146219328,230,0.0,9985
4618,266.6236472945892,254.0,0.0,9980
4619,247.91747621432148,240,0.0,9985
4620,248.06348888443821,230.0,0.0,9986
4621,236.80032044862807,228.0,0.0,9986
4622,249.6196196196196,240.0,0.0,9990
4623,247.69012110899808,238,0.0,9991
4624,251.29971932638333,238.0,0.0,9976
4625,242.59080436742462,232,0.0,9983
4626,254.47133119486767,240.0,0.0,9976
4627,242.73879103282627,236.0,0.0,9992
4628,255.4172755479932,246,0.0,9991
4629,241.76041666666666,230.0,0.0,9984
4630,249.48843264897346,240,0.0,9985
4631,256.84784784784785,246.0,0.0,9990
4632,239.02942942942943,232.0,0.0,9990
4633,248.24664664664664,240.0,0.0,9990
4634,246.89412000400682,236,0.0,9983
4635,249.12194633560273,240.0,0.0,9988
4636,243.5812042881475,236,0.0,9981
4637,254.96804567765201,246,0.0,9983
4638,249.38546365914786,240,0.0,9975
4639,249.45134160993192,236.0,0.0,9988
4640,244.17955911823648,232.0,0.0,9980
4641,259.1796875,248.0,0.0,9984
4642,249.3562205985387,244,0.0,9991
4643,239.0497093605933,230.0,0.0,9978
4644,235.02913787924302,230,0.0,9987
4645,236.71157514305793,226,0.0,9961
4646,249.34448227518527,242.0,0.0,9986
4647,243.27895791583165,236.0,0.0,9980
4648,248.5251877816725,236,0.0,9985
4649,248.92293817015732,236,0.0001002104419280489,9979
4650,246.29000600841178,230.0,0.0,9986
4651,244.0710781860046,236,0.0,9989
4652,259.62885562142066,244,0.0,9953
4653,262.6266653310628,254,0.0,9983
4654,248.5013023442196,234.0,0.0,9982
4655,255.44704704704705,248.0,0.0,9990
4656,251.72942118966554,242.0,0.0,9986
4657,241.62721715602765,234,0.0,9979
4658,249.64144144144143,236.0,0.0,9990
4659,246.47249774571685,230,0.0,9981
4660,268.2657440834336,254.0,0.0,9972
4661,256.4242851389448,236.0,0.0,9932
4662,257.2815319831562,246.0,0.0,9974
4663,253.5527950310559,240.0,0.0,9982
4664,247.66088438784718,236,0.0,9973
4665,254.64958462616354,246,0.0,9991
4666,258.35244502460085,246,0.0,9959
4667,257.0698746867168,246,0.0,9975
4668,239.91724276124637,228,0.0,9981
4669,253.23107769423558,244,0.0,9975
4670,247.09087261785356,230.0,0.0,9970
4671,238.78253030151257,232,0.0,9983
4672,260.46597855496543,250,0.0,9979
4673,246.34087722811935,236.0,0.0,9986
4674,250.5599839775686,240.0,0.0,9986
4675,255.32906196816498,248,0.0,9989
4676,256.75818564133374,246,0.0,9987
4677,254.27692615970344,246,0.0,9981
4678,249.9567134268537,240.0,0.0,9980
4679,259.12767024370675,246,0.0,9971
4680,254.46233974358975,240.0,0.0,9984
4681,243.1049834553294,234,0.0,9973
4682,247.2028854824166,238,0.0,9981
4683,242.30252606255013,230.0,0.0,9976
4684,246.67141138732958,232.0,0.0,9976
4685,246.69877828960546,236.0,0.0,9986
4686,242.83796528544195,230,0.00010033109260559848,9967
4687,246.824248496994,238.0,0.0,9980
4688,252.16860698514654,238.0,0.0,9964
4689,264.2160104197976,252,0.0,9981
4690,246.95412660256412,236.0,0.0,9984
4691,237.31983562193045,230,0.00010023053021950487,9977
4692,245.03355032548822,234,0.0,9985
4693,253.96651629072682,236,0.0,9975
4694,240.7162893207774,230.0,0.0,9982
4695,246.49398315282792,236.0,0.0,9972
4696,248.03307607497243,230,0.0,9977
4697,248.51605136436598,236.0,0.0,9968
4698,257.24058493589746,246.0,0.0,9984
4699,254.9860763297606,248,0.0,9983
4700,256.53586116962583,244,0.0,9969
4701,246.362124248497,240.0,0.0,9980
4702,254.09707180104292,238.0,0.0,9972
4703,253.2466385711419,240.0,0.0,9966
4704,249.0704620627443,238,0.0,9977
4705,239.89801642957323,230.0,0.0,9982
4706,258.13813151563755,246.0,0.0,9976
4707,239.09669007021063,230.0,0.0,9970
4708,257.3390781563126,248.0,0.0,9980
4709,254.80160240360541,236,0.0,9985
4710,251.75238286344938,230,0.0,9967
4711,242.66078765407354,232,0.0,9979
4712,258.2123698959167,252.0,0.0,9992
4713,250.2822822822823,236.0,0.0,9990
4714,249.69892688797512,240,0.0,9971
4715,248.71488679623323,230.0,0.0,9982
4716,248.83233173076923,230.0,0.0,9984
4717,244.94891826923077,232.0,0.0,9984
4718,268.1468110709988,254.0,0.0,9972
4719,247.4683214893404,240,0.0,9991
4720,257.63732959101844,240.0,0.0,9976
4721,247.8552961218559,240,0.0,9979
4722,254.6608556256888,240,0.0,9981
4723,260.23499949914856,248,0.0,9983
4724,269.76255890905446,252,0.0,9973
4725,252.37148292780614,240,0.0,9987
4726,257.79099388225853,240,0.0,9971
4727,255.1310786471883,248.0,0.0,9994
4728,247.76394033436782,240,0.0,9989
4729,255.11249123509967,246,0.0,9983
4730,250.59052199178439,238,0.0,9981
4731,246.94707297514034,234.0,0.0,9976
4732,261.9961942914372,254,0.0,9985
4733,251.55259467040673,240.0,0.0,9982
4734,255.99038557836755,240,0.0,9985
4735,238.0800480288173,228.0,0.0,9994
4736,244.6525177695465,236,0.0,9989
4737,248.82535549769676,236.0,0.0,9986
4738,255.9020334568767,238,0.0,9983
4739,239.91997593261132,228.0,0.00010028078620136381,9972
4740,265.78131571042354,252,0.0,9987
4741,258.9022360373007,248,0.0,9973
4742,261.0378454144974,246.0,0.0,9988
4743,255.37025888019267,238.0,0.0,9966
4744,246.61939772383926,230,0.0,9929
4745,249.2743114672008,236,0.0,9985
4746,248.09156481667,232.0,0.0,9982
4747,263.80756496438244,242,0.0,9967
4748,266.5624060150376,254,0.0,9975
4749,257.37014028056115,248.0,0.0,9980
4750,245.65301832015217,240,0.0,9989
4751,254.90961923847695,242.0,0.0,9980
4752,243.58305797536798,236,0.0,9987
4753,254.59787617711882,246.0,0.0,9982
4754,252.04374435637604,236,0.0,9967
4755,245.9562512542645,230.0,0.00010034115994380895,9966
4756,253.05556111722896,240,0.0,9989
4757,257.2866165413534,240,0.0,9975
4758,256.6372657111356,244,0.0,9977
4759,259.76266773482877,246.0,0.0,9986
4760,248.96876876876877,240.0,0.0,9990
4761,246.1351080864692,236.0,0.0,9992
4762,247.94305764411027,236,0.0,9975
4763,257.22415865384613,246.0,0.0,9984
4764,245.11037593984963,234,0.0,9975
4765,255.48963860246272,246,0.0,9989
4766,257.67230846269405,246,0.0,9985
4767,257.8778044871795,246.0,0.0,9984
4768,250.60068122620717,240.0,0.0,9982
4769,266.96391339214114,254.0,0.0,9976
4770,257.4715129668569,248,0.0,9987
4771,252.78637956935404,240,0.0,9985
4772,240.9943865276664,230.0,0.0,9976
4773,257.7105658487732,248,0.0,9985
4774,246.1077400620807,236,0.0,9987
4775,243.79857701172463,232,0.0,9979
4776,252.29555466559873,240.0,0.0,9988
4777,245.68705576133746,236,0.0,9989
4778,245.2804804804805,236.0,0.0,9990
4779,259.6920920920921,248.0,0.0,9990
4780,250.09608647783006,240,0.0,9991
4781,246.84263247520786,236,0.0,9983
4782,252.12784290151288,238,0.0,9981
4783,239.57696544817225,228,0.00010015022533800701,9985
4784,236.96846531184303,226,0.0,9989
4785,238.16236236236236,230.0,0.0,9990
4786,254.74647182464219,242,0.0,9991
4787,268.04488078541374,252.0,0.0,9982
4788,255.5408981555734,236.0,0.0,9976
4789,257.1873996789727,246.0,0.0,9968
4790,250.2323252553575,236.0,0.0,9986
4791,241.7174326624612,230,0.0,9987
4792,248.70982589553734,240.0,0.0,9994
4793,258.2960072050435,246,0.0,9993
4794,257.9042755582257,246,0.0,9987
4795,242.27037852994192,232.0,0.0,9986
4796,263.74686842368976,252,0.0,9979
4797,245.32739108662994,230,0.0,9985
4798,241.72324021227595,236,0.0,9987
4799,248.01422845691383,230.0,0.0,9980
4800,245.77886830245367,236,0.0,9985
4801,244.52474454017232,230.0,0.0,9982
4802,245.69606567223946,236,0.0,9989
4803,252.84843624699278,240.0,0.0,9976
4804,241.38988482724085,230,0.0,9985
4805,241.39647577092512,232.0,0.0,9988
4806,258.260712493728,240,0.0,9965
4807,242.42404174192254,230.0,0.0,9966
4808,260.0881172219992,248.0,0.0,9964
4809,253.11832061068702,230.0,0.0,9956
4810,259.6592027311979,246,0.0,9959
4811,247.9659136748689,234.0,0.0,9916
4812,251.66276159006708,244,0.0,9987
4813,245.6674703636729,230.0,0.0,9954
4814,266.4219172593409,254,0.00010017028949213663,9983
4815,257.49974967457695,246,0.0,9987
4816,261.2169121330528,246,0.0,9981
4817,250.20850893036322,236.0,0.0,9966
4818,245.4618699268464,236,0.0,9979
4819,245.3295943915874,234,0.0,9985
4820,253.02933813958145,240,0.0,9987
4821,254.77080204265545,242,0.0,9987
4822,246.47742968671804,236,0.0,9991
4823,249.61210178320977,238.0,0.0,9982
4824,265.9326720769462,252,0.0,9981
4825,268.07794029252653,254.0,0.0,9982
4826,243.54017231015828,236.0,0.0,9982
4827,243.23149353901633,230,0.0,9983
4828,257.7967561073288,246.0,0.0,9988
4829,236.42453397474443,228.0,0.0,9978
4830,260.28748997594226,246.0,0.0,9976
4831,255.76229097827175,242,0.0,9987
4832,257.04590098216073,248.0,0.0,9978
4833,242.9057057057057,236.0,0.0,9990
4834,255.763126252505,236.0,0.0,9980
4835,246.85536734489327,236,0.0,9977
4836,252.50465978554965,240,0.0,9979
4837,250.31256261270286,236.0,0.0,9982
4838,248.7526795552439,238,0.0,9983
4839,251.8569424964937,240.0,0.0,9982
4840,251.5819310897436,240.0,0.0,9984
4841,238.9434604222956,230,0.0,9993
4842,249.96474005809876,236,0.0,9983
4843,264.9795673076923,254.0,0.0,9984
4844,245.2389930799318,234,0.0,9971
4845,255.3535657051282,246.0,0.0,9984
4846,238.86561779737448,230,0.0,9979
4847,257.8278450605545,248,0.0,9991
4848,251.17108433734938,236.0,0.0,9960
4849,242.388125564136,228,0.0,9971
4850,247.8161425996395,236.0,0.0,9986
4851,247.28494084620013,236.0,0.0,9974
4852,258.0140056022409,248.0,0.0,9996
4853,247.4484556758925,236.0,0.0,9972
4854,244.34171760697464,228,0.0,9979
4855,266.23003003003004,254.0,0.0,9990
4856,257.1583375062594,248,0.0,9985
4857,251.09498548693824,240,0.0,9991
4858,254.90555444154802,240.0,0.0,9974
4859,250.6599218671742,236,0.0,9983
4860,249.25894019833717,240,0.0,9983
4861,255.90570769385093,240,0.0,9969
4862,236.92990186260766,228.0,0.0,9986
4863,245.3120048139605,228,0.0,9971
4864,254.17264169837773,242.0,0.0,9986
4865,247.66259266680024,238.0,0.0,9982
4866,248.9159815520353,236.0,0.0,9974
4867,246.31769893766287,234.0,0.0,9978
4868,254.13217007621338,242.0,0.0,9972
4869,244.74301731905095,234,0.00010011012113324657,9989
4870,244.06354615615916,230,0.0,9977
4871,253.23422159887798,242.0,0.0,9982
4872,253.93483709273184,244,0.0,9975
4873,248.6140438745868,236,0.0,9983
4874,241.8875751503006,232.0,0.0,9980
4875,245.30932798395185,232.0,0.0,9970
4876,236.8720720720721,228.0,0.0,9990
4877,250.67261069925866,238.0,0.0,9982
4878,246.21696410667735,232.0,0.0,9974
4879,246.49449008214788,236.0,0.0,9982
4880,243.09758299067295,230,0.0,9971
4881,249.09400340374413,240,0.0,9989
4882,256.6328758890113,242,0.0,9983
4883,240.51834770403048,230.0,0.0,9974
4884,252.64458496436816,236,0.0,9963
4885,270.4949363280858,254,0.0,9973
4886,250.02943826975067,236,0.0,9987
4887,249.71614583333334,240.0,0.0,9984
4888,258.7644702583617,248.0,0.0,9986
4889,242.70219372933988,230,0.0,9983
4890,242.55184851217314,234,0.0,9981
4891,251.8064064064064,240.0,0.0,9990
4892,249.5248120300752,240,0.0,9975
4893,251.92848557692307,240.0,0.0,9984
4894,238.11807156459858,230,0.0,9977
4895,256.4498096573833,246.0,0.0,9982
4896,245.88500450766304,234,0.0,9983
4897,259.6640915019565,244,0.0,9967
4898,254.95719298245615,244,0.0,9975
4899,242.79293385526447,228,0.0,9963
4900,256.74634048526167,240.0,0.0,9974
4901,241.7602966229081,230,0.0,9979
4902,265.07689219032324,248.0,0.0,9962
4903,262.90652522017615,252.0,0.0,9992
4904,250.57569381825468,236,0.0,9981
4905,254.65544871794873,244.0,0.0,9984
4906,263.096657633243,248,0.0,9963
4907,263.12301070963866,252,0.00010009008107296567,9991
4908,259.89587505006006,248.0,0.0,9988
4909,242.3672978659453,230,0.0,9981
4910,261.7208742731101,246.0,0.00010026067776218167,9974
4911,258.70736589271417,248.0,0.0,9992
4912,262.27470217238965,250,0.0,9989
4913,245.96654647435898,236.0,0.0,9984
4914,247.45556557459173,232,0.0,9981
4915,249.10301936001605,230,0.0,9969
4916,241.90804367424622,230,0.0,9983
4917,260.8929143314652,248.0,0.0,9992
4918,249.06179268903355,236,0.0,9985
4919,260.655708128696,248,0.0,9977
4920,249.6533146404967,236.0,0.0,9986
4921,255.43074611917876,242,0.0,9985
4922,247.43623623623623,236.0,0.0,9990
4923,257.4932906068496,246.0,0.0,9986
4924,253.38863317990794,236.0,0.0,9994
4925,235.8798678546401,228,0.0,9989
4926,245.27054108216433,230.0,0.0,9980
4927,243.99599439214902,230.0,0.0,9986
4928,261.8346527708187,248,0.0,9979
4929,253.7484981978374,240.0,0.0,9988
4930,253.74499198717947,240.0,0.0,9984
4931,242.44155063608133,230,0.0,9983
4932,247.93245139306475,228.0,0.0,9978
4933,257.3750501403931,242.0,0.0,9972
4934,256.07786228983184,246.0,0.0,9992
4935,250.60184257961146,240.0,0.0,9986
4936,264.6391670004005,254.0,0.0,9988
4937,235.08111355898257,226.0,0.0,9986
4938,247.8779803646564,238.0,0.0,9982
4939,247.08754006410257,236.0,0.0,9984
4940,259.0316169828365,244,0.0,9963
4941,247.15147265077138,236.0,0.00010018032458425165,9982
4942,255.75853438782661,236,0.0,9989
4943,250.0812894183602,236,0.0,9989
4944,264.11328320802005,248,0.0,9975
4945,259.3029544316475,246,0.0,9985
4946,266.54507169357265,246,0.0,9973
4947,243.62552594670407,228.0,0.0,9982
4948,237.58794674141555,228,0.0,9989
4949,259.27383814102564,248.0,0.0,9984
4950,257.3266472771036,240,0.0,9971
4951,235.82928049634745,228,0.0,9993
4952,248.7413568493837,238,0.0,9979
4953,259.2226006812262,242.0,0.0,9982
4954,263.7746733668342,236.0,0.0,9950
4955,265.2234351527291,254,0.0,9985
4956,251.24134470647266,234,0.0,9965
4957,256.9801682692308,246.0,0.0,9984
4958,268.16343351090563,248,0.0,9949
4959,265.0730630268968,244.0,0.0,9964
4960,272.51520644511584,246.0,0.0,9930
4961,242.54975922953452,228.0,0.0,9968
4962,262.1179306880964,236,0.0,9955
4963,247.3942857142857,236,0.0,9975
4964,265.3187430980825,246,0.0,9961
4965,259.09079963880805,240,0.0,9967
4966,248.62661718985058,232,0.0,9971
4967,255.97555600080145,242.0,0.0,9982
4968,254.55907723169508,234.0,0.0,9970
4969,245.9562994888243,234,0.0,9977
4970,274.90022128344395,252.0,0.0,9942
4971,281.53151154583037,254,0.0,9917
4972,252.13249021379102,232,0.0,9963
4973,255.29996991274697,240,0.0,9971
4974,258.69861362266425,240.0,0.0,9954
4975,252.6883963494133,236,0.0,9971
4976,251.5770810377642,240,0.0,9983
4977,257.452650566189,240,0.0,9979
4978,264.9365971107544,244.0,0.0,9968
4979,246.77352823388065,234.0,0.0,9988
4980,243.46381019121034,236,0.0,9989
4981,251.78167954249022,236,0.0,9967
4982,248.61373648378054,236.0,0.0,9988
4983,250.8610638084744,238,0.0,9983
4984,253.82196855912687,244,0.0,9987
4985,254.5494241362043,244,0.0,9985
4986,248.51228562832213,230,0.0,9971
4987,244.42661056006412,232,0.0,9981
4988,256.8919000301114,240,0.0,9963
4989,253.5231708537684,244,0.0,9991
4990,258.110843373494,240.0,0.00010040160642570282,9960
4991,252.97744813070062,236,0.0,9977
4992,254.92250626566417,240,0.0,9975
4993,256.7911493792551,246.0,0.0,9988
4994,258.4487384861834,246.0,0.0,9988
4995,253.72675293409569,234,0.0,9969
4996,257.3672406888266,242.0,0.0,9988
4997,256.6921613775153,248,0.0,9989
4998,253.07713884992987,240.0,0.0,9982
4999,247.04093684315885,236,0.0,9991
5000,254.77774442109475,248,0.0,9993
5001,243.2284741690028,230.0,0.0,9988
5002,248.2631631732023,236,0.0,9971
5003,241.00030051086847,228,0.0,9983
5004,254.34725979360786,240,0.0,9981
5005,256.69346431435446,240.0,0.0,9976
5006,247.9783718834485,238,0.0,9987
5007,268.22331362132905,252,0.0,9977
5008,264.30656788145774,254.0,0.0,9988
5009,260.26398075766684,248.0,0.0,9978
5010,238.86832882747572,228,0.0,9987
5011,255.65505505505504,249.0,0.0,9990
5012,254.44003606853022,240,0.0,9981
5013,258.5202682414173,246,0.0,9991
5014,245.6472002404087,230,0.00010017028949213663,9983
5015,268.5048115477145,254.0,0.0,9976
5016,254.5960980490245,246,0.0,9995
5017,262.0794874361798,252,0.0,9989
5018,252.47317854283426,242.0,0.0,9992
5019,236.7325721153846,226.0,0.0,9984
5020,257.5782203983585,248,0.0,9991
5021,244.9027930723796,236,0.0,9989
5022,256.5958684316085,242.0,0.0,9972
5023,244.53438941247242,230.0,0.0,9974
5024,242.69803370786516,230.0,0.0,9968
5025,259.7482237566296,246,0.0,9993
5026,269.77615083742853,252,0.0,9971
5027,244.23574220707627,232,0.0,9977
5028,257.23618895116095,246.0,0.0,9992
5029,242.99015866639888,228.0,0.0,9958
5030,267.6692091529506,246.0,0.0,9964
5031,270.3241455347299,254,0.0,9977
5032,253.03226454920093,236,0.0,9949
5033,260.91252006420547,246.0,0.0,9968
5034,268.3866118849584,254,0.0,9979
5035,252.72993579454254,238.0,0.0,9968
5036,249.497384305835,230.0,0.0,9940
5037,261.07538091419406,246.0,0.0,9976
5038,254.90065162907268,240,0.0,9975
5039,272.72470163474077,254,0.0,9971
5040,261.29327983951856,244.0,0.0,9970
5041,251.96386630532973,236,0.00010037137408411121,9963
5042,262.6770310932798,244.0,0.0,9970
5043,241.52,226,0.0,9975
5044,250.56435445068163,230.0,0.00010024057738572574,9976
5045,258.13237208370884,246,0.0,9987
5046,266.5605300140534,248.0,0.0,9962
5047,246.51478993281862,230,0.0,9973
5048,266.80044234442545,248,0.0,9947
5049,243.7288407541115,230.0,0.00010028078620136381,9972
5050,253.27177944862154,240,0.0,9975
5051,267.3385463659148,252,0.0,9975
5052,262.9320368885325,246.0,0.0,9976
5053,259.6784604590558,244,0.0,9977
5054,256.3203922353412,246.0,0.0,9994
5055,250.2861723446894,236.0,0.0,9980
5056,274.24832012837226,254,0.0,9971
5057,246.34408171440015,236.0,0.0,9986
5058,250.28342513770656,236,0.0,9985
5059,242.9404570970329,228.0,0.0,9976
5060,256.57461337617997,238.0,0.0,9958
5061,238.79795447708813,228,0.0,9973
5062,251.19959919839678,236.0,0.0,9980
5063,246.88078541374475,236.0,0.0,9982
5064,255.07233019434983,244.0,0.0,9982
5065,269.31566216488613,240.0,0.0,9922
5066,246.06010217369527,234,0.0,9983
5067,246.46553626968998,228,0.0,9967
5068,261.13918199175964,240,0.0,9951
5069,249.5343043696635,230,0.0,9955
5070,243.73686321700762,230.0,0.0,9972
5071,256.02341639147403,246,0.0,9993
5072,264.0901352028042,248,0.0,9985
5073,267.7375012523795,254,0.0,9981
5074,255.13561698717947,244.0,0.0,9984
5075,251.66289434151227,236,0.0,9985
5076,245.83226581265012,234.0,0.0,9992
5077,246.02266800401205,232.0,0.0,9970
5078,262.14668801280766,252.0,0.0,9994
5079,261.31156080945703,246.0,0.0,9982
5080,250.8390977443609,236,0.0,9975
5081,246.81431005110733,236,0.0,9979
5082,255.40344896731503,238.0,0.0,9974
5083,249.38338338338338,238.0,0.0,9990
5084,269.5179126944305,252,0.0,9965
5085,245.12730184147318,234.0,0.0,9992
5086,261.98153722657037,244.0,0.0,9966
5087,272.2672561036873,248,0.0,9953
5088,253.05303258145364,240,0.0,9975
5089,258.0670750075309,242,0.0,9959
5090,253.39303981546485,240,0.0,9971
5091,256.15441692569937,242,0.0,9973
5092,268.22015037593985,254,0.0,9975
5093,251.96993686742158,226,0.0,9979
5094,251.50560897435898,240.0,0.0,9984
5095,254.33857557848341,244,0.0,9983
5096,247.6620592948718,236.0,0.0,9984
5097,263.92381716118683,246.0,0.0,9976
5098,238.05047571357036,228,0.0,9985
5099,244.5199879771566,232,0.0,9981
5100,255.18572717249674,240,0.0,9977
5101,244.71033653846155,236.0,0.0,9984
5102,251.74489387264717,240.0,0.0,9988
5103,238.01883201442453,228,0.0,9983
5104,249.12491235099668,238,0.0,9983
5105,243.4834834834835,236.0,0.0,9990
5106,247.73450972528573,238.0,0.0,9974
5107,246.7736188951161,236.0,0.0,9992
5108,255.47890570197416,242,0.0,9979
5109,263.4984482931224,252,0.0,9989
5110,245.45647600921566,236,0.0,9983
5111,243.34022688485092,230,0.0,9961
5112,260.9228920488684,246.0,0.0,9986
5113,252.73893405600722,236,0.0,9963
5114,258.1039404905509,236.0,0.0,9948
5115,272.44127111826225,248.0,0.0,9944
5116,278.245769540693,252.0,0.0,9928
5117,272.78199577081864,246,0.0,9931
5118,250.88489353153878,228.0,0.0,9956
5119,257.21834935897436,248.0,0.0,9984
5120,4.076491790148178,4.0,0.9959951942330797,9988
5121,256.3871614844534,230.0,0.0,9970
5122,261.126238862749,248,0.0,9989
5123,252.32169375877984,230.0,0.0,9966
5124,247.2917960532906,236,0.0,9983
5125,273.2925922203236,254,0.0,9949
5126,252.2953975734483,232,0.0,9973
5127,270.70741744454483,252,0.0,9963
5128,261.5211975085393,240.0,0.0,9954
5129,260.75157831446035,240,0.0,9979
5130,266.04396266184887,240,0.0,9963
5131,251.55938313639095,236.0,0.0,9986
5132,262.1681398151868,240.0,0.0,9956
5133,264.1974317817014,238.0,0.0,9968
5134,258.3158422795224,242,0.0,9967
5135,257.10041210171875,236,0.0,9949
5136,258.65870307167233,238.0,0.0,9962
5137,255.98596772576926,240,0.0,9977
5138,247.96007223113963,232.0,0.0,9968
5139,263.7311871227364,240.0,0.0,9940
5140,250.90050150451353,234.0,0.0,9970
5141,258.2966613032985,234.0,0.0,9944
5142,252.5441604010025,236,0.0,9975
5143,259.50452443193245,230.0,0.00010054293183189222,9946
5144,253.3515522957902,236,0.0,9953
